,Correlation,DR,RA,SP
0,-0.5,81.20158689519381,81.14895782336114,117.29304091021304
1,-0.25,64.64813965178084,64.66084789596785,98.77526102343147
2,0.0,53.52162690241236,53.332951069053514,74.30521932949756
3,0.25,46.021666799332756,44.79395040472919,59.63283306137375
4,0.5,36.87467268537396,36.90322782143793,44.309258094073925
5,0.75,33.80606750642079,34.54951749455175,37.50892386463854
6,1.0,35.978795671334204,34.747287845708385,36.897660548542966
